{"cameraMode":{"drawMode":0,"name":"Shaded","section":"Shading Mode"},"sceneLighting":false,"audioPlay":false,"sceneViewState":{"m_AlwaysRefresh":false,"showFog":false,"showSkybox":false,"showFlares":false,"showImageEffects":false,"showParticleSystems":false,"showVisualEffectGraphs":true,"m_FxEnabled":true},"in2DMode":false,"pivot":{"x":-0.00036078691482543945,"y":0.8074254989624023,"z":0.0336783230304718},"rotation":{"x":0.09082828462123871,"y":0.9086258411407471,"z":-0.270955353975296,"w":0.30457648634910586},"size":1.3813351392745972,"orthographic":false}