{"cameraMode":{"drawMode":0,"name":"Shaded","section":"Shading Mode"},"sceneLighting":true,"audioPlay":false,"sceneViewState":{"m_AlwaysRefresh":false,"showFog":true,"showSkybox":false,"showFlares":true,"showImageEffects":true,"showParticleSystems":true,"showVisualEffectGraphs":true,"m_FxEnabled":true},"in2DMode":false,"pivot":{"x":0.4280443787574768,"y":14.905845642089844,"z":-43.801048278808597},"rotation":{"x":0.20748916268348695,"y":0.7815381288528442,"z":-0.34037917852401736,"w":0.48093661665916445},"size":0.36456549167633059,"orthographic":false}